pm25,HR,CorrDiff,Diffusion,Reg,LR-interp,FLAML,RF
8.238150477409e-01,9.228634283109e-03,9.791228386368e-03,1.066985497837e-02,1.056694335434e-02,1.006781357572e-02,2.910615451332e-04,3.584201899368e-17
9.877765774727e-01,1.229603904988e-02,1.297990286340e-02,1.391523900329e-02,1.384849336230e-02,1.317109622817e-02,6.396030162945e-04,1.140763454089e-15
1.151738166809e+00,1.587336387399e-02,1.670875836305e-02,1.768213032567e-02,1.764224917605e-02,1.672204452297e-02,1.211526608873e-03,2.946082358321e-14
1.315699696541e+00,1.992017997040e-02,2.093578183085e-02,2.193977479590e-02,2.190053706990e-02,2.065349743440e-02,2.027874119971e-03,6.179474919791e-13
1.479661226273e+00,2.438347617761e-02,2.559395533470e-02,2.663783140865e-02,2.655527429971e-02,2.488313144059e-02,3.094503441866e-03,1.053901331243e-11
1.643622756004e+00,2.920588417312e-02,3.059752558544e-02,3.171012434750e-02,3.152408296023e-02,2.932636235894e-02,4.456111272285e-03,1.463403406690e-10
1.807584285736e+00,3.433049758191e-02,3.584882690510e-02,3.707789228204e-02,3.671594013966e-02,3.390577167563e-02,6.235566753255e-03,1.657046964056e-09
1.971545934677e+00,3.970149050749e-02,4.124512924864e-02,4.265210954486e-02,4.203632372839e-02,3.855395191519e-02,8.609690958491e-03,1.533058514270e-08
2.135507345200e+00,4.526119431553e-02,4.668536603977e-02,4.833526661145e-02,4.739226932451e-02,4.320992695990e-02,1.174036771083e-02,1.161687142464e-07
2.299468994141e+00,5.094507255837e-02,5.207634962848e-02,5.402356788536e-02,5.269738225639e-02,4.781261817263e-02,1.573195795062e-02,7.232219956819e-07
2.463430404663e+00,5.667608311273e-02,5.733720554647e-02,5.961012804844e-02,5.787576440075e-02,5.229594148300e-02,2.063971062567e-02,3.714015172145e-06
2.627392053604e+00,6.236084923215e-02,6.240114008784e-02,6.498963427190e-02,6.286394132502e-02,5.658913024736e-02,2.646957405448e-02,1.581592215106e-05
2.791353702545e+00,6.789007878610e-02,6.721411800013e-02,7.006385419684e-02,6.761008252722e-02,6.062233981444e-02,3.312720800963e-02,5.624149727730e-05
2.955315113068e+00,7.314549913428e-02,7.173167400898e-02,7.474739923025e-02,7.207128241643e-02,6.433491783768e-02,4.037378228845e-02,1.685643627733e-04
3.119276762009e+00,7.801281777878e-02,7.591536226698e-02,7.897271023059e-02,7.621003912352e-02,6.768231421824e-02,4.786630051521e-02,4.310936547404e-04
3.283238172531e+00,8.239684374509e-02,7.972998212073e-02,8.269338569894e-02,7.999105552195e-02,7.063880992379e-02,5.526635343872e-02,9.560564802827e-04
3.447199821472e+00,8.623310740801e-02,8.314217495230e-02,8.588550063739e-02,8.337933868006e-02,7.319590763562e-02,6.232609198237e-02,1.876973758167e-03
3.611161470413e+00,8.949111901162e-02,8.612031284227e-02,8.854664070576e-02,8.634001869144e-02,7.535808012961e-02,6.890253406963e-02,3.344215159670e-03
3.775122880936e+00,9.216895502781e-02,8.863613895669e-02,9.069313205287e-02,8.884055155876e-02,7.713846217759e-02,7.494618197804e-02,5.552667960034e-03
3.939084529877e+00,9.428318799965e-02,9.066854152270e-02,9.235604388943e-02,9.085542598634e-02,7.855609825998e-02,8.051308817741e-02,8.783883690662e-03
4.103045940399e+00,9.586020917690e-02,9.220932026538e-02,9.357671034599e-02,9.237272567017e-02,7.963510048694e-02,8.576277552485e-02,1.338285518725e-02
4.267007350922e+00,9.693321297383e-02,9.326965309463e-02,9.440244812338e-02,9.340093647605e-02,8.040519982031e-02,9.088435905761e-02,1.959675555431e-02
4.430968761444e+00,9.754463164428e-02,9.388464631051e-02,9.488267213849e-02,9.397350682796e-02,8.090270357937e-02,9.598338795932e-02,2.733722615575e-02
4.594930648804e+00,9.775012590430e-02,9.411329883838e-02,9.506537606095e-02,9.414889784360e-02,8.117089912082e-02,1.010134002247e-01,3.608012860838e-02
4.758892059326e+00,9.761917498646e-02,9.403231254468e-02,9.499377914249e-02,9.400481462502e-02,8.125891557243e-02,1.057870013526e-01,4.506758872213e-02
4.922853469849e+00,9.722952318942e-02,9.372436945440e-02,9.470322525524e-02,9.362703798357e-02,8.121838432973e-02,1.100500936346e-01,5.370203084000e-02
5.086814880371e+00,9.665648416304e-02,9.326371415704e-02,9.421888696286e-02,9.309514388405e-02,8.109804253201e-02,1.135816339666e-01,6.180753475309e-02
5.250776767731e+00,9.596116692357e-02,9.270324690466e-02,9.355518691350e-02,9.246884760404e-02,8.093761039310e-02,1.162677867435e-01,6.954578042628e-02
5.414738178253e+00,9.518237703432e-02,9.206715474841e-02,9.271768076781e-02,9.177904013352e-02,8.076301402888e-02,1.181126588116e-01,7.709292753037e-02
5.578699588776e+00,9.433508256091e-02,9.135137725434e-02,9.170734735246e-02,9.102639958725e-02,8.058468377500e-02,1.191963508404e-01,8.437770644126e-02
5.742660999298e+00,9.341528099885e-02,9.053163220574e-02,9.052625952921e-02,9.018809326753e-02,8.039928091447e-02,1.196322133093e-01,9.108759656634e-02
5.906622886658e+00,9.240841631187e-02,8.957611092219e-02,8.918277528296e-02,8.923019033190e-02,8.019360835058e-02,1.195579390371e-01,9.689413758531e-02
6.070584297180e+00,9.129777383676e-02,8.845853299574e-02,8.769444048862e-02,8.812147135680e-02,7.994875762741e-02,1.191233463876e-01,1.016659958624e-01
6.234545707703e+00,9.007033115583e-02,8.716739209691e-02,8.608752824001e-02,8.684404948296e-02,7.964307751277e-02,1.184253602578e-01,1.054890970149e-01
6.398507595062e+00,8.871960914544e-02,8.570911702526e-02,8.439358772694e-02,8.539800883959e-02,7.925385589086e-02,1.174354232170e-01,1.085223355598e-01
6.562469005585e+00,8.724642879626e-02,8.410536308378e-02,8.264443535410e-02,8.379991635768e-02,7.875863043517e-02,1.160135989265e-01,1.108531956609e-01
6.726430416107e+00,8.565866507214e-02,8.238673799103e-02,8.086744883272e-02,8.207737366292e-02,7.813714285671e-02,1.140199050567e-01,1.124671364700e-01
6.890391826630e+00,8.397052664419e-02,8.058615984139e-02,7.908275609333e-02,8.026277840409e-02,7.737425800843e-02,1.114391558229e-01,1.133203843008e-01
7.054353713989e+00,8.220107053433e-02,7.873413085166e-02,7.730275654784e-02,7.838853331782e-02,7.646320477177e-02,1.084261438026e-01,1.134364245246e-01
7.218315124512e+00,8.037174685915e-02,7.685670537057e-02,7.553356029312e-02,7.648440584887e-02,7.540806780084e-02,1.052374802109e-01,1.129458287739e-01
7.382276535034e+00,7.850320996098e-02,7.497530756383e-02,7.377724462683e-02,7.457621556513e-02,7.422457750406e-02,1.021051416945e-01,1.120353182139e-01
7.546238422394e+00,7.661243677890e-02,7.310714995554e-02,7.203404457960e-02,7.268487647308e-02,7.293889945780e-02,9.916138714475e-02,1.108460878547e-01
7.710199832916e+00,7.471116922404e-02,7.126523312873e-02,7.030387789455e-02,7.082530684877e-02,7.158458679907e-02,9.646476784498e-02,1.094111208321e-01
7.874161243439e+00,7.280615558421e-02,6.945777377519e-02,6.858710529488e-02,6.900561645782e-02,7.019812336016e-02,9.404231059282e-02,1.076904424249e-01
8.038123130798e+00,7.090094968735e-02,6.768776703073e-02,6.688486680755e-02,6.722750587284e-02,6.881374813138e-02,9.185130054921e-02,1.056710632649e-01
8.202084541321e+00,6.899819269160e-02,6.595339259370e-02,6.519922096390e-02,6.548821993676e-02,6.745834815758e-02,8.972377407150e-02,1.034341297565e-01
8.366045951843e+00,6.710118520784e-02,6.424958071458e-02,6.353314941910e-02,6.378349389569e-02,6.614743624514e-02,8.742474275865e-02,1.011252637696e-01
8.530007362366e+00,6.521421109526e-02,6.257054877605e-02,6.189044653988e-02,6.211037004536e-02,6.488337529193e-02,8.480139167193e-02,9.886255680124e-02
8.693969726562e+00,6.334169048130e-02,6.091241890820e-02,6.027528747627e-02,6.046859884833e-02,6.365643712263e-02,8.187444971634e-02,9.667029448806e-02
8.857931137085e+00,6.148709895718e-02,5.927506839869e-02,5.869154760505e-02,5.886026405242e-02,6.244856494156e-02,7.879933985585e-02,9.448570033121e-02
9.021892547607e+00,5.965245603634e-02,5.766241279157e-02,5.714188800684e-02,5.728802875833e-02,6.123863173195e-02,7.575406175628e-02,9.221682943079e-02
9.185853958130e+00,5.783908179654e-02,5.608123013684e-02,5.562705884862e-02,5.575334724075e-02,6.000776660985e-02,7.284721189563e-02,8.980362760794e-02
9.349815368652e+00,5.604910327429e-02,5.453890334210e-02,5.414550893725e-02,5.425553172627e-02,5.874325483850e-02,7.010367762862e-02,8.724568458216e-02
9.513776779175e+00,5.428675948417e-02,5.304105538719e-02,5.269345302879e-02,5.279206714639e-02,5.744034863540e-02,6.752239225548e-02,8.458824702705e-02
9.677739143372e+00,5.255843484442e-02,5.158997683755e-02,5.126533761262e-02,5.135972643440e-02,5.610204699033e-02,6.513581265893e-02,8.188676144749e-02
9.841700553894e+00,5.087111007642e-02,5.018439623812e-02,4.985465104964e-02,4.995576089379e-02,5.473748218410e-02,6.300162010493e-02,7.918125639257e-02
1.000566196442e+01,4.922971427709e-02,4.882032853283e-02,4.845485962455e-02,4.857847322900e-02,5.335951487188e-02,6.114049710982e-02,7.650013100052e-02
1.016962337494e+01,4.763491992683e-02,4.749252243747e-02,4.706055515437e-02,4.722726915649e-02,5.198226324162e-02,5.949907553335e-02,7.388723851837e-02
1.033358478546e+01,4.608252229789e-02,4.619565221941e-02,4.566856437997e-02,4.590236969155e-02,5.061880206229e-02,5.797344272153e-02,7.141728828183e-02
1.049754619598e+01,4.456496937626e-02,4.492494213617e-02,4.427884973094e-02,4.460456678882e-02,4.927930153497e-02,5.644747120850e-02,6.916709694993e-02
1.066150760651e+01,4.307447256540e-02,4.367635625458e-02,4.289491268154e-02,4.333510005758e-02,4.796980288989e-02,5.481079196773e-02,6.715704097734e-02
1.082546997070e+01,4.160638776365e-02,4.244674213009e-02,4.152348528874e-02,4.209549117419e-02,4.669182648574e-02,5.298741488034e-02,6.531968244467e-02
1.098943138123e+01,4.016156272975e-02,4.123420996368e-02,4.017357581157e-02,4.088720093439e-02,4.544296404927e-02,5.098501228222e-02,6.353312998268e-02
1.115339279175e+01,3.874675040648e-02,4.003850001452e-02,3.885503879312e-02,3.971101809507e-02,4.421823064214e-02,4.890403804469e-02,6.169169149614e-02
1.131735420227e+01,3.737331775823e-02,3.886110035169e-02,3.757727280188e-02,3.856656521942e-02,4.301195233624e-02,4.687611041989e-02,5.975309036597e-02
1.148131561279e+01,3.605480817456e-02,3.770474591718e-02,3.634829589983e-02,3.745211255455e-02,4.181955807344e-02,4.499097415574e-02,5.773600947374e-02
1.164527702332e+01,3.480426751868e-02,3.657246482644e-02,3.517435067517e-02,3.636488908007e-02,4.063886934460e-02,4.327448187216e-02,5.569211095381e-02
1.180923843384e+01,3.363195644675e-02,3.546662067390e-02,3.405983723230e-02,3.530177956941e-02,3.947068089717e-02,4.170885158805e-02,5.367856371923e-02
1.197320079803e+01,3.254371589789e-02,3.438841867591e-02,3.300723368459e-02,3.426012531490e-02,3.831870693747e-02,4.025693359351e-02,5.173399329833e-02
1.213716220856e+01,3.154007171397e-02,3.333809232307e-02,3.201681357595e-02,3.323838596774e-02,3.718915465332e-02,3.887880217510e-02,4.986549521001e-02
1.230112361908e+01,3.061602130445e-02,3.231549310034e-02,3.108613471074e-02,3.223642435216e-02,3.608999588890e-02,3.754570716730e-02,4.806380947650e-02
1.246508502960e+01,2.976172966440e-02,3.132084934343e-02,3.020977392954e-02,3.125554002639e-02,3.503010104017e-02,3.624974721927e-02,4.633765797968e-02
1.262904644012e+01,2.896407730264e-02,3.035530572426e-02,2.937964675738e-02,3.029824820064e-02,3.401809324050e-02,3.500317334247e-02,4.473050709654e-02
1.279300785065e+01,2.820887418481e-02,2.942114541024e-02,2.858616897402e-02,2.936793038236e-02,3.306100267366e-02,3.382285087397e-02,4.330048499847e-02
1.295696926117e+01,2.748317747348e-02,2.852164747957e-02,2.782006790965e-02,2.846840900450e-02,3.216292370513e-02,3.270542434858e-02,4.208070632190e-02
1.312093162537e+01,2.677700471155e-02,2.766056413601e-02,2.707428562041e-02,2.760348323401e-02,3.132399782576e-02,3.161855504873e-02,4.105137899333e-02
1.328489303589e+01,2.608396161997e-02,2.684131390541e-02,2.634533606967e-02,2.677650692187e-02,3.054004664905e-02,3.052429632966e-02,4.014390633830e-02
1.344885444641e+01,2.540070228778e-02,2.606604828505e-02,2.563360040581e-02,2.598999733029e-02,2.980291109014e-02,2.940734553682e-02,3.927480689619e-02
1.361281585693e+01,2.472578404357e-02,2.533505579610e-02,2.494260350704e-02,2.524543137394e-02,2.910151982954e-02,2.827756978681e-02,3.838797721013e-02
1.377677726746e+01,2.405855458104e-02,2.464671727907e-02,2.427754023665e-02,2.454317706822e-02,2.842339901094e-02,2.716014632449e-02,3.747978470148e-02
1.394073867798e+01,2.339860927159e-02,2.399803448649e-02,2.364358736003e-02,2.388257024485e-02,2.775639490442e-02,2.609246044978e-02,3.659329732576e-02
1.410470008850e+01,2.274587796742e-02,2.338539716480e-02,2.304445887000e-02,2.326207512178e-02,2.709036233946e-02,2.511580044120e-02,3.578601933222e-02
1.426866245270e+01,2.210099391309e-02,2.280517068964e-02,2.248149155992e-02,2.267946173175e-02,2.641859378293e-02,2.425484377511e-02,3.509260923799e-02
1.443262386322e+01,2.146551047899e-02,2.225393640797e-02,2.195339064623e-02,2.213198383675e-02,2.573879401228e-02,2.350107176948e-02,3.450709172015e-02
1.459658527374e+01,2.084165989124e-02,2.172849065856e-02,2.145656289897e-02,2.161651455751e-02,2.505333519461e-02,2.281261444276e-02,3.399082146389e-02
1.476054668427e+01,2.023181539715e-02,2.122598435743e-02,2.098597397812e-02,2.112973832235e-02,2.436873978253e-02,2.213189164209e-02,3.349259818298e-02
1.492450809479e+01,1.963791119740e-02,2.074429908604e-02,2.053625224179e-02,2.066835877720e-02,2.369437076156e-02,2.141470270706e-02,3.296624081133e-02
1.508846950531e+01,1.906115085068e-02,2.028248271482e-02,2.010275340593e-02,2.022930810073e-02,2.304061332325e-02,2.065259130653e-02,3.238204267699e-02
1.525243091583e+01,1.850213207858e-02,1.984083113069e-02,1.968227380680e-02,1.980989024490e-02,2.241697820863e-02,1.987219962200e-02,3.173415717001e-02
1.541639328003e+01,1.796129863112e-02,1.942032839543e-02,1.927321202742e-02,1.940780835300e-02,2.183057523858e-02,1.911666716175e-02,3.104178654659e-02
1.558035469055e+01,1.743949550477e-02,1.902156963427e-02,1.887519968479e-02,1.902108989682e-02,2.128526651662e-02,1.842539494816e-02,3.033709288522e-02
1.574431610107e+01,1.693828792722e-02,1.864362491656e-02,1.848838505503e-02,1.864791415325e-02,2.078148799729e-02,1.782075996402e-02,2.964107437009e-02
1.590827751160e+01,1.645988543349e-02,1.828348213673e-02,1.811275090626e-02,1.828643777534e-02,2.031665544447e-02,1.730379620623e-02,2.894740342850e-02
1.607223892212e+01,1.600659284916e-02,1.793634673735e-02,1.774771922465e-02,1.793462173881e-02,1.988590146237e-02,1.685915661849e-02,2.823435453261e-02
1.623620033264e+01,1.558003158080e-02,1.759665950638e-02,1.739216442224e-02,1.759010890137e-02,1.948301367197e-02,1.646528022945e-02,2.749579031362e-02
1.640016174316e+01,1.518053759250e-02,1.725931824468e-02,1.704472162878e-02,1.725020247944e-02,1.910145649916e-02,1.610202490467e-02,2.675836707148e-02
1.656412315369e+01,1.480711102737e-02,1.692056824384e-02,1.670414206418e-02,1.691201906540e-02,1.873532299836e-02,1.575234965876e-02,2.606740252836e-02
1.672808456421e+01,1.445799943862e-02,1.657832191532e-02,1.636946061682e-02,1.657286994808e-02,1.837999995216e-02,1.540208372267e-02,2.545896448087e-02
1.689204597473e+01,1.413159659379e-02,1.623204042553e-02,1.603988682965e-02,1.623083097381e-02,1.803235340407e-02,1.504324886205e-02,2.494615724509e-02
1.705600738525e+01,1.382710094446e-02,1.588248335187e-02,1.571451963839e-02,1.588532047358e-02,1.769040272368e-02,1.467994481315e-02,2.452446697836e-02
1.721996879578e+01,1.354449401904e-02,1.553151689042e-02,1.539210858395e-02,1.553741178951e-02,1.735267762776e-02,1.432785453746e-02,2.417899111929e-02
1.738393020630e+01,1.328381909977e-02,1.518192657190e-02,1.507107082684e-02,1.518966121132e-02,1.701760296675e-02,1.400167073222e-02,2.388365248689e-02
1.754789161682e+01,1.304418764456e-02,1.483705726551e-02,1.474983325086e-02,1.484544181952e-02,1.668322996658e-02,1.370001836422e-02,2.360279047888e-02
1.771185302734e+01,1.282311094554e-02,1.450021134775e-02,1.442738439965e-02,1.450802323402e-02,1.634744158192e-02,1.340381987007e-02,2.330482015405e-02
1.787581443787e+01,1.261654351845e-02,1.417395834532e-02,1.410379955553e-02,1.417976753399e-02,1.600851119381e-02,1.309076969734e-02,2.297718546819e-02
1.803977584839e+01,1.241959829105e-02,1.385963449793e-02,1.378051072811e-02,1.386174605937e-02,1.566571663582e-02,1.275195512199e-02,2.262479869925e-02
1.820373725891e+01,1.222754764808e-02,1.355723717449e-02,1.346021489916e-02,1.355387772235e-02,1.531968447255e-02,1.239600291050e-02,2.225263383331e-02
1.836770057678e+01,1.203665755997e-02,1.326572440269e-02,1.314646005551e-02,1.325546935518e-02,1.497226101518e-02,1.204072101109e-02,2.185179992785e-02
1.853166198730e+01,1.184461211343e-02,1.298359600426e-02,1.284306488010e-02,1.296592499212e-02,1.462595223477e-02,1.170170297387e-02,2.140455041578e-02
1.869562339783e+01,1.165050233939e-02,1.270951060336e-02,1.255345824681e-02,1.268527999165e-02,1.428310430937e-02,1.138432972639e-02,2.090369039416e-02
1.885958480835e+01,1.145457475720e-02,1.244282479971e-02,1.228011614482e-02,1.241438603685e-02,1.394525397691e-02,1.108392483546e-02,2.036690002490e-02
1.902354621887e+01,1.125783621564e-02,1.218384346351e-02,1.202412104544e-02,1.215458488433e-02,1.361289122711e-02,1.079444399819e-02,1.983088875874e-02
1.918750762939e+01,1.106157112500e-02,1.193368185144e-02,1.178494595809e-02,1.190698791946e-02,1.328576335913e-02,1.051457018001e-02,1.933129504196e-02
1.935146903992e+01,1.086678966349e-02,1.169372793010e-02,1.156053009156e-02,1.167166653433e-02,1.296355814176e-02,1.024314408258e-02,1.888748349286e-02
1.951543045044e+01,1.067370794215e-02,1.146487876392e-02,1.134766478668e-02,1.144716551161e-02,1.264661661774e-02,9.973909361856e-03,1.850134955796e-02
1.967939186096e+01,1.048145878998e-02,1.124687867347e-02,1.114262359722e-02,1.123065323994e-02,1.233631435149e-02,9.700666759671e-03,1.816339547406e-02
1.984335327148e+01,1.028822434712e-02,1.103808782944e-02,1.094189707773e-02,1.101873457325e-02,1.203492590241e-02,9.426658589807e-03,1.785832884454e-02
2.000731468201e+01,1.009182437255e-02,1.083582244505e-02,1.074286704365e-02,1.080861039402e-02,1.174504924026e-02,9.165606054035e-03,1.756939947793e-02
2.017127609253e+01,9.890567086117e-03,1.063712937040e-02,1.054427661849e-02,1.059906204465e-02,1.146886725860e-02,8.932031251090e-03,1.728301314881e-02
2.033523750305e+01,9.684018557211e-03,1.043965132712e-02,1.034639823852e-02,1.039079740237e-02,1.120756360247e-02,8.728766245870e-03,1.699371147585e-02
2.049919891357e+01,9.473373560033e-03,1.024221713592e-02,1.015085721285e-02,1.018600065812e-02,1.096109444805e-02,8.543813189421e-03,1.670667245286e-02
2.066316223145e+01,9.261297002863e-03,1.004494865660e-02,9.960134159592e-03,9.987314156522e-03,1.072833276649e-02,8.362346664207e-03,1.643218649321e-02
2.082712364197e+01,9.051356626965e-03,9.848933126489e-03,9.776865674595e-03,9.796753066161e-03,1.050747391187e-02,8.181677384767e-03,1.617149940050e-02
2.099108505249e+01,8.847264826882e-03,9.655655230789e-03,9.603087107649e-03,9.614994298747e-03,1.029648071029e-02,8.011704800327e-03,1.590560082811e-02
2.115504646301e+01,8.652236022278e-03,9.466520177708e-03,9.439662846766e-03,9.441311742796e-03,1.009347069312e-02,7.861462681215e-03,1.560206135894e-02
2.131900787354e+01,8.468566110415e-03,9.282622323912e-03,9.286026496514e-03,9.274027583708e-03,9.896925958186e-03,7.727360343571e-03,1.523913199162e-02
2.148296928406e+01,8.297452501628e-03,9.104777274387e-03,9.140301060693e-03,9.111196080054e-03,9.705737344873e-03,7.595252367787e-03,1.482626274815e-02
2.164693069458e+01,8.138972179102e-03,8.933660185043e-03,8.999740863397e-03,8.951218566121e-03,9.519126913453e-03,7.454027666661e-03,1.440012906238e-02
2.181089210510e+01,7.992142123753e-03,8.769861829454e-03,8.861353215966e-03,8.793226410786e-03,9.336519064720e-03,7.305941335664e-03,1.399829972007e-02
2.197485351562e+01,7.855049835824e-03,8.613780948145e-03,8.722519536811e-03,8.637205588044e-03,9.157428431662e-03,7.161606717132e-03,1.363415364170e-02
2.213881492615e+01,7.725098166851e-03,8.465429106313e-03,8.581449579445e-03,8.483891238483e-03,8.981409901270e-03,7.024882484174e-03,1.329301749316e-02
2.230277633667e+01,7.599402693346e-03,8.324304624956e-03,8.437365702925e-03,8.334459720182e-03,8.808080674453e-03,6.886308897698e-03,1.294733675037e-02
2.246673774719e+01,7.475307754130e-03,8.189436426616e-03,8.290413875776e-03,8.190069837025e-03,8.637188065298e-03,6.734862057835e-03,1.257451306537e-02
2.263069915771e+01,7.350900378386e-03,8.059568985278e-03,8.141401331711e-03,8.051383204752e-03,8.468674467888e-03,6.573630461539e-03,1.216617937570e-02
2.279466056824e+01,7.225363612110e-03,7.933377990996e-03,7.991517857050e-03,7.918261243709e-03,8.302694398561e-03,6.418536527338e-03,1.172891841246e-02
2.295862197876e+01,7.099047906436e-03,7.809636670872e-03,7.842170643919e-03,7.789799536892e-03,8.139568746761e-03,6.281503357625e-03,1.127995669909e-02
2.312258529663e+01,6.973226140932e-03,7.687341460911e-03,7.694957888602e-03,7.664698906629e-03,7.979701913296e-03,6.158985684172e-03,1.083953668335e-02
2.328654670715e+01,6.849607630257e-03,7.565857244833e-03,7.551699759453e-03,7.541791037230e-03,7.823528945978e-03,6.038515173649e-03,1.042271889380e-02
2.345050811768e+01,6.729741401603e-03,7.445054808718e-03,7.414353471863e-03,7.420417643469e-03,7.671512337943e-03,5.913688837574e-03,1.003601864160e-02
2.361446952820e+01,6.614544695401e-03,7.325366242580e-03,7.284747318748e-03,7.300497610754e-03,7.524225106562e-03,5.789907701106e-03,9.682167562267e-03
2.377843093872e+01,6.504131240396e-03,7.207613318650e-03,7.164135829527e-03,7.182271485108e-03,7.382430547472e-03,5.675827294376e-03,9.368626311823e-03
2.394239234924e+01,6.398035522922e-03,7.092605360135e-03,7.052745785979e-03,7.065933648292e-03,7.247077348804e-03,5.571226182744e-03,9.110026992785e-03
2.410635375977e+01,6.295727712955e-03,6.980673030449e-03,6.949527254098e-03,6.951403384405e-03,7.119144131137e-03,5.464646267952e-03,8.918389870681e-03
2.427031517029e+01,6.197140961503e-03,6.871411232186e-03,6.852270488726e-03,6.838373419568e-03,6.999347963319e-03,5.343548390306e-03,8.787877069240e-03
2.443427658081e+01,6.102902292175e-03,6.763828833305e-03,6.758105513656e-03,6.726579665524e-03,6.887814724182e-03,5.206347945934e-03,8.689750589708e-03
2.459823799133e+01,6.014119916731e-03,6.656871547815e-03,6.664235553731e-03,6.616092485494e-03,6.783847372131e-03,5.064342617592e-03,8.584725440103e-03
2.476219940186e+01,5.931843722725e-03,6.550046419487e-03,6.568647217710e-03,6.507427017336e-03,6.685901555171e-03,4.933456744327e-03,8.442618745733e-03
2.492616081238e+01,5.856510187525e-03,6.443797816131e-03,6.470542756109e-03,6.401398668109e-03,6.591806038329e-03,4.824361703356e-03,8.253876976051e-03
2.509012222290e+01,5.787682999544e-03,6.339422315476e-03,6.370354426371e-03,6.298816309628e-03,6.499186165861e-03,4.737008064310e-03,8.027248475421e-03
2.525408363342e+01,5.724217484497e-03,6.238569716312e-03,6.269374812702e-03,6.200200654625e-03,6.405990332393e-03,4.660735590044e-03,7.778702519783e-03
2.541804695129e+01,5.664736932985e-03,6.142589653647e-03,6.169185835987e-03,6.105684868315e-03,6.310988725253e-03,4.579613376000e-03,7.520860058814e-03
2.558200836182e+01,5.608160234967e-03,6.052038636707e-03,6.071133809476e-03,6.015139607395e-03,6.214117975148e-03,4.481659848772e-03,7.260271365015e-03
2.574596977234e+01,5.554004871881e-03,5.966523909922e-03,5.976016906710e-03,5.928411020004e-03,6.116547119063e-03,4.367067672527e-03,7.002483520974e-03
2.590993118286e+01,5.502338326953e-03,5.884917852164e-03,5.884062388842e-03,5.845536964298e-03,6.020439829640e-03,4.247776582297e-03,6.757621575063e-03
2.607389259338e+01,5.453402520275e-03,5.805793808104e-03,5.795100680691e-03,5.766800067488e-03,5.928441431331e-03,4.137352034474e-03,6.539694934780e-03
2.623785400391e+01,5.407102203459e-03,5.727900979234e-03,5.708803490051e-03,5.692592772238e-03,5.843036369597e-03,4.041736285695e-03,6.359730674303e-03
2.640181541443e+01,5.362614854704e-03,5.650507681202e-03,5.624864175157e-03,5.623158675787e-03,5.765964727028e-03,3.959543422926e-03,6.218432099265e-03
2.656577682495e+01,5.318336509043e-03,5.573508942578e-03,5.543071197006e-03,5.558330647934e-03,5.697863498091e-03,3.887202713629e-03,6.104949694095e-03
2.672973823547e+01,5.272221138672e-03,5.497282831039e-03,5.463294632196e-03,5.497383987480e-03,5.638208893135e-03,3.820863404449e-03,6.003387677349e-03
2.689369964600e+01,5.222366936428e-03,5.422374143378e-03,5.385434469029e-03,5.439074332009e-03,5.585527200786e-03,3.755417209384e-03,5.901504656440e-03
2.705766105652e+01,5.167568613432e-03,5.349156579108e-03,5.309368448074e-03,5.381858270354e-03,5.537766176205e-03,3.684888981517e-03,5.795282177028e-03
2.722162246704e+01,5.107586606427e-03,5.277636702734e-03,5.234915336311e-03,5.324224157920e-03,5.492703090926e-03,3.604882973398e-03,5.688411626714e-03
2.738558387756e+01,5.043069157798e-03,5.207492400236e-03,5.161822025095e-03,5.265014823002e-03,5.448300366143e-03,3.515112789670e-03,5.588209742746e-03
2.754954528809e+01,4.975268633536e-03,5.138310486431e-03,5.089788646558e-03,5.203623460823e-03,5.402973936999e-03,3.419816319033e-03,5.498797176375e-03
2.771350860596e+01,4.905764174548e-03,5.069874345505e-03,5.018543129481e-03,5.139997158332e-03,5.355779962354e-03,3.325196405928e-03,5.415396375075e-03
2.787747001648e+01,4.836303775474e-03,5.002334113053e-03,4.947958614161e-03,5.074477788780e-03,5.306537906610e-03,3.235894574005e-03,5.326344946633e-03
2.804143142700e+01,4.768691415741e-03,4.936157940394e-03,4.878155664056e-03,5.007572928554e-03,5.255873887514e-03,3.153251605905e-03,5.222819163108e-03
2.820539283752e+01,4.704601216851e-03,4.871923376192e-03,4.809543713088e-03,4.939791384352e-03,5.205157044992e-03,3.076171452036e-03,5.106702213965e-03
2.836935424805e+01,4.645263703200e-03,4.810072860588e-03,4.742746185148e-03,4.871592304259e-03,5.156277669702e-03,3.003503913546e-03,4.988646184574e-03
2.853331565857e+01,4.591148836490e-03,4.750771031421e-03,4.678417294673e-03,4.803420898649e-03,5.111267922992e-03,2.935653718812e-03,4.879306140915e-03
2.869727706909e+01,4.541838392310e-03,4.693911577598e-03,4.617000701080e-03,4.735746289017e-03,5.071834045783e-03,2.873674978021e-03,4.782393709405e-03
2.886123847961e+01,4.496189249539e-03,4.639224220549e-03,4.558510056921e-03,4.669042580213e-03,5.038927326510e-03,2.816917156187e-03,4.694401247071e-03
2.902519989014e+01,4.452706975214e-03,4.586388767417e-03,4.502415343511e-03,4.603728257674e-03,5.012481687575e-03,2.761938335108e-03,4.609675851538e-03
2.918916130066e+01,4.409928362929e-03,4.535094464372e-03,4.447698572213e-03,4.540132519667e-03,4.991383752176e-03,2.704026667332e-03,4.525774090394e-03
2.935312271118e+01,4.366643749316e-03,4.485052350585e-03,4.393097443141e-03,4.478540518296e-03,4.973655315425e-03,2.639975497622e-03,4.444285297759e-03
2.951708412170e+01,4.321934264948e-03,4.436014237510e-03,4.337488924168e-03,4.419295764006e-03,4.956770003324e-03,2.569676986623e-03,4.367177917571e-03
2.968104553223e+01,4.275131107405e-03,4.387837749976e-03,4.280295839536e-03,4.362870542210e-03,4.938020069604e-03,2.496005846450e-03,4.293589357248e-03
2.984500694275e+01,4.225825765929e-03,4.340579603782e-03,4.221764525238e-03,4.309813986984e-03,4.914878624228e-03,2.423810329684e-03,4.220716248663e-03
3.000897026062e+01,4.173972876968e-03,4.294551431631e-03,4.162990931415e-03,4.260559533542e-03,4.885329145748e-03,2.357329928832e-03,4.146792408291e-03
3.017293167114e+01,4.120020665926e-03,4.250279328366e-03,4.105670439705e-03,4.215173890415e-03,4.848137802063e-03,2.296466090997e-03,4.071892050507e-03
3.033689308167e+01,4.064945343006e-03,4.208344706377e-03,4.051645339079e-03,4.173170466543e-03,4.803019631655e-03,2.236550516725e-03,3.996091054671e-03
3.050085449219e+01,4.010133345655e-03,4.169154520538e-03,4.002420995419e-03,4.133504399053e-03,4.750654799286e-03,2.173819803843e-03,3.917929427084e-03
3.066481590271e+01,3.957125742600e-03,4.132695087257e-03,3.958794573995e-03,4.094763020215e-03,4.692523750551e-03,2.110342016035e-03,3.834215801482e-03
3.082877731323e+01,3.907314330390e-03,4.098338980358e-03,3.920688269960e-03,4.055491427440e-03,4.630588901704e-03,2.051854603579e-03,3.740067369800e-03
3.099273872375e+01,3.861670392462e-03,4.064776044253e-03,3.887193612958e-03,4.014542667255e-03,4.566902002474e-03,2.001544788719e-03,3.629984152390e-03
3.115670013428e+01,3.820541930488e-03,4.030144676243e-03,3.856783923794e-03,3.971344941928e-03,4.503242142552e-03,1.957852885064e-03,3.501724434401e-03
3.132066154480e+01,3.783527429904e-03,3.992407253495e-03,3.827639309689e-03,3.926011363598e-03,4.440873086468e-03,1.918035218923e-03,3.360753254548e-03
3.148462295532e+01,3.749454400499e-03,3.949917707556e-03,3.798026651123e-03,3.879264839745e-03,4.380460702790e-03,1.881773943105e-03,3.219757391025e-03
3.164858436584e+01,3.716524375197e-03,3.902002993577e-03,3.766660900786e-03,3.832205005212e-03,4.322137428488e-03,1.850524238728e-03,3.091438668464e-03
3.181254577637e+01,3.682666619123e-03,3.849311073518e-03,3.732951365611e-03,3.785996080529e-03,4.265664928712e-03,1.824104067712e-03,2.980137656273e-03
3.197650718689e+01,3.646047388092e-03,3.793737958378e-03,3.697042224791e-03,3.741581218354e-03,4.210636839550e-03,1.798237927270e-03,2.879906112091e-03
3.214046859741e+01,3.605569169850e-03,3.737921897939e-03,3.659615648511e-03,3.699508924252e-03,4.156672980241e-03,1.765824514420e-03,2.780713351835e-03
3.230443191528e+01,3.561160639721e-03,3.684485348888e-03,3.621523084258e-03,3.659896829009e-03,4.103570948811e-03,1.722054386413e-03,2.677223244730e-03
3.246839523315e+01,3.513750004887e-03,3.635310067994e-03,3.583398322133e-03,3.622499353350e-03,4.051398071151e-03,1.668621333056e-03,2.573151847422e-03
3.263235473633e+01,3.464961954454e-03,3.591087278702e-03,3.545421109616e-03,3.586815197867e-03,4.000509905315e-03,1.612112429788e-03,2.478571412841e-03
3.279631805420e+01,3.416691534297e-03,3.551260459500e-03,3.507340162078e-03,3.552191278636e-03,3.951495888502e-03,1.559345598808e-03,2.402877678679e-03
3.296027755737e+01,3.370728333010e-03,3.514342961190e-03,3.468755554248e-03,3.517919507853e-03,3.905076257725e-03,1.515118143024e-03,2.348541850211e-03
3.312423706055e+01,3.328479476546e-03,3.478451995026e-03,3.429501732338e-03,3.483304706890e-03,3.861934138013e-03,1.481240447563e-03,2.309629732095e-03
3.328820037842e+01,3.290811210390e-03,3.441903865446e-03,3.389948322460e-03,3.447717897711e-03,3.822529917032e-03,1.454295824215e-03,2.275799987575e-03
3.345215988159e+01,3.257960673427e-03,3.403686118214e-03,3.351037108108e-03,3.410622879452e-03,3.786920176483e-03,1.425544830854e-03,2.238135985474e-03
3.361612319946e+01,3.229500527855e-03,3.363664731564e-03,3.313996903796e-03,3.371579825269e-03,3.754631377063e-03,1.386430275529e-03,2.191873319374e-03
3.378008651733e+01,3.204398224135e-03,3.322488102682e-03,3.279870941374e-03,3.330275299545e-03,3.724674277954e-03,1.335526606658e-03,2.135505869468e-03
3.394404602051e+01,3.181177147325e-03,3.281212473320e-03,3.249061765683e-03,3.286582228797e-03,3.695714877144e-03,1.279255987734e-03,2.070094551715e-03
3.410800933838e+01,3.158188000246e-03,3.240807391715e-03,3.221131051053e-03,3.240649317500e-03,3.666383576674e-03,1.224993503809e-03,2.000084048071e-03
3.427196884155e+01,3.133947427701e-03,3.201754994558e-03,3.194964605042e-03,3.192986918029e-03,3.635629808691e-03,1.174138017949e-03,1.932346790266e-03
3.443593215942e+01,3.107441546934e-03,3.163884357596e-03,3.169208721583e-03,3.144464439089e-03,3.602974041302e-03,1.122814885731e-03,1.871958411789e-03
3.459989166260e+01,3.078306369687e-03,3.126514194803e-03,3.142780189101e-03,3.096212870063e-03,3.568576100492e-03,1.068560973043e-03,1.818321314967e-03
3.476385498047e+01,3.046794627782e-03,3.088781526218e-03,3.115188352722e-03,3.049401710022e-03,3.533070493594e-03,1.014251208220e-03,1.765309076133e-03
3.492781448364e+01,3.013563869020e-03,3.050014830173e-03,3.086552371559e-03,3.004979105895e-03,3.497252746871e-03,9.647311448793e-04,1.705369917541e-03
3.509177780151e+01,2.979379194365e-03,3.009971646538e-03,3.057325762491e-03,2.963428801141e-03,3.461710147977e-03,9.214849939316e-04,1.634513766663e-03
3.525573730469e+01,2.944910348491e-03,2.968902128366e-03,3.027916874285e-03,2.924672581002e-03,3.426556801614e-03,8.829304076088e-04,1.554359959059e-03
3.541970062256e+01,2.910692160341e-03,2.927433013291e-03,2.998386161946e-03,2.888144730545e-03,3.391351687457e-03,8.489550680350e-04,1.469544789113e-03
3.558366012573e+01,2.877230797311e-03,2.886376656079e-03,2.968371588371e-03,2.853057710676e-03,3.355264241769e-03,8.222672912599e-04,1.383708697990e-03
3.574762344360e+01,2.845080805637e-03,2.846516407744e-03,2.937226772899e-03,2.818738247900e-03,3.317408312561e-03,8.047562122508e-04,1.298647196019e-03
3.591158676147e+01,2.814780159667e-03,2.808459722060e-03,2.904296869155e-03,2.784921404471e-03,3.277233619690e-03,7.941072072469e-04,1.216573625925e-03
3.607554626465e+01,2.786617118892e-03,2.772568824623e-03,2.869180345698e-03,2.751857745696e-03,3.234784140388e-03,7.844957068064e-04,1.141256536586e-03
3.623950958252e+01,2.760380810565e-03,2.738983748937e-03,2.831875257554e-03,2.720195554170e-03,3.190707678692e-03,7.702564930936e-04,1.076155725636e-03
3.640346908569e+01,2.735293738522e-03,2.707720045949e-03,2.792775325128e-03,2.690701915794e-03,3.146019584989e-03,7.489172697428e-04,1.021982992727e-03
3.656743240356e+01,2.710211542364e-03,2.678772957972e-03,2.752516938413e-03,2.663938183957e-03,3.101712411098e-03,7.211226752267e-04,9.764299273495e-04
3.673139190674e+01,2.684044224747e-03,2.652196578900e-03,2.711772659663e-03,2.640057843228e-03,3.058425336264e-03,6.888021846979e-04,9.361834886535e-04
3.689535522461e+01,2.656189852603e-03,2.628094523008e-03,2.671048885104e-03,2.618789167802e-03,3.016292189370e-03,6.543388920920e-04,8.992116102707e-04
3.705931472778e+01,2.626802032092e-03,2.606538798895e-03,2.630591381891e-03,2.599603925321e-03,2.975045860294e-03,6.206180899094e-04,8.653964037037e-04
3.722327804565e+01,2.596769966353e-03,2.587434495578e-03,2.590404447164e-03,2.581948726372e-03,2.934273661860e-03,5.902907028163e-04,8.352573757087e-04
3.738723754883e+01,2.567459783186e-03,2.570414694574e-03,2.550396904594e-03,2.565427623489e-03,2.893715351243e-03,5.645380034981e-04,8.085542731759e-04
3.755120086670e+01,2.540314386291e-03,2.554815306208e-03,2.510561236191e-03,2.549845909861e-03,2.853445471153e-03,5.425613101694e-04,7.844379941263e-04
3.771516036987e+01,2.516474200708e-03,2.539776018477e-03,2.471133114164e-03,2.535140042270e-03,2.813913341623e-03,5.221400737351e-04,7.625874185733e-04
3.787912368774e+01,2.496505094533e-03,2.524432001845e-03,2.432636290012e-03,2.521254111399e-03,2.775832886826e-03,5.010164828317e-04,7.433472124615e-04
3.804308319092e+01,2.480301946497e-03,2.508137048314e-03,2.395819951686e-03,2.508046938064e-03,2.740019537601e-03,4.786525835043e-04,7.264310368902e-04
3.820704650879e+01,2.467143532531e-03,2.490615170222e-03,2.361482715106e-03,2.495245037299e-03,2.707209438414e-03,4.569658168081e-04,7.099359544124e-04
3.837100982666e+01,2.455869186021e-03,2.471982946004e-03,2.330264709160e-03,2.482436511061e-03,2.677918742744e-03,4.387433982774e-04,6.912579675579e-04
3.853496932983e+01,2.445108470227e-03,2.452622625260e-03,2.302452263004e-03,2.469082808394e-03,2.652321466136e-03,4.247640518793e-04,6.691148596294e-04
3.869893264771e+01,2.433515921629e-03,2.432967207936e-03,2.277871524630e-03,2.454565576540e-03,2.630154649926e-03,4.127950647615e-04,6.444815960981e-04
3.886289215088e+01,2.419973060120e-03,2.413303593607e-03,2.255927322290e-03,2.438299831229e-03,2.610678839287e-03,3.999188014169e-04,6.196395808996e-04
3.902685546875e+01,2.403724013887e-03,2.393673104109e-03,2.235787077230e-03,2.419902611731e-03,2.592729103120e-03,3.853741361490e-04,5.966664814159e-04
3.919081497192e+01,2.384436580678e-03,2.373912759859e-03,2.216681189415e-03,2.399368561577e-03,2.574911849013e-03,3.706210497200e-04,5.766932998792e-04
3.935477828979e+01,2.362175477767e-03,2.353776426359e-03,2.198191401223e-03,2.377147104828e-03,2.555915979302e-03,3.576008348971e-04,5.597527067687e-04
3.951873779297e+01,2.337318917516e-03,2.333064222508e-03,2.180402413271e-03,2.354065647263e-03,2.534862310517e-03,3.478449609547e-04,5.447738465534e-04
3.968270111084e+01,2.310442005288e-03,2.311679798869e-03,2.163805952689e-03,2.331086185668e-03,2.511544839650e-03,3.422445288187e-04,5.299826173356e-04
3.984666061401e+01,2.282222284080e-03,2.289625830098e-03,2.148986720484e-03,2.308991465183e-03,2.486472442432e-03,3.404440368372e-04,5.139576004183e-04
4.001062393188e+01,2.253367506491e-03,2.266967884803e-03,2.136218023319e-03,2.288106183770e-03,2.460675820667e-03,3.406229816260e-04,4.967860397244e-04
4.017458343506e+01,2.224575907126e-03,2.243830756427e-03,2.125180129350e-03,2.268180402237e-03,2.435374198113e-03,3.403597914106e-04,4.804795848796e-04
4.033854675293e+01,2.196485854830e-03,2.220419438580e-03,2.114940026857e-03,2.248471375408e-03,2.411612186789e-03,3.378499066453e-04,4.682013679909e-04
4.050251007080e+01,2.169621134680e-03,2.197047108983e-03,2.104212651310e-03,2.228011051651e-03,2.389997366019e-03,3.326786855485e-04,4.625256144458e-04
4.066646957397e+01,2.144318714089e-03,2.174112355763e-03,2.091764558557e-03,2.205947953011e-03,2.370576837754e-03,3.260220524648e-04,4.635893401342e-04
4.083043289185e+01,2.120661213013e-03,2.152010806471e-03,2.076769894845e-03,2.181835348779e-03,2.352853886210e-03,3.199986242360e-04,4.685549332039e-04
4.099439239502e+01,2.098435973183e-03,2.131003274372e-03,2.058979397033e-03,2.155761057058e-03,2.335911987025e-03,3.156685045286e-04,4.732906318720e-04
4.115835571289e+01,2.077124988973e-03,2.111073217142e-03,2.038667229086e-03,2.128265060324e-03,2.318595520507e-03,3.113365633985e-04,4.750724155389e-04
4.132231521606e+01,2.055967154734e-03,2.091848782839e-03,2.016442065199e-03,2.100109087206e-03,2.299724535847e-03,3.042420220644e-04,4.736398961125e-04
4.148627853394e+01,2.034098328584e-03,2.072628758733e-03,1.993021199998e-03,2.071989469483e-03,2.278293824649e-03,2.942245783278e-04,4.697871085825e-04
4.165023803711e+01,2.010780337173e-03,2.052551712788e-03,1.969066473691e-03,2.044334706563e-03,2.253631143707e-03,2.842570658837e-04,4.637387102336e-04
4.181420135498e+01,1.985646374977e-03,2.030858136456e-03,1.945096436231e-03,2.017243515604e-03,2.225467778960e-03,2.772132684729e-04,4.554366310497e-04
4.197816085815e+01,1.958880608139e-03,2.007159137825e-03,1.921480766472e-03,1.990583678679e-03,2.193925963613e-03,2.733570552315e-04,4.459343350747e-04
4.214212417603e+01,1.931222985843e-03,1.981570081941e-03,1.898470729142e-03,1.964161438144e-03,2.159420892000e-03,2.710237111530e-04,4.377029590051e-04
4.230608367920e+01,1.903796661068e-03,1.954650086433e-03,1.876252528689e-03,1.937883554176e-03,2.122538175306e-03,2.685120109070e-04,4.332745050373e-04
4.247004699707e+01,1.877813283180e-03,1.927162726650e-03,1.854979201341e-03,1.911817752847e-03,2.083911497268e-03,2.646974111943e-04,4.336181743044e-04
4.263400650024e+01,1.854305984462e-03,1.899804308194e-03,1.834779548686e-03,1.886156011660e-03,2.044161754776e-03,2.587928799836e-04,4.376854955015e-04
4.279796981812e+01,1.833970163704e-03,1.873017662345e-03,1.815724346374e-03,1.861104981085e-03,2.003879101779e-03,2.510531116443e-04,4.431352094015e-04
4.296193313599e+01,1.817134770433e-03,1.846966912138e-03,1.797780244025e-03,1.836792255073e-03,1.963654349799e-03,2.437965689219e-04,4.474090182573e-04
4.312589263916e+01,1.803768440793e-03,1.821608450677e-03,1.780766058555e-03,1.813225699195e-03,1.924100631186e-03,2.402024434551e-04,4.487021306362e-04
4.328985595703e+01,1.793443379643e-03,1.796772389784e-03,1.764341061868e-03,1.790320230386e-03,1.885846056498e-03,2.412789788335e-04,4.466788821740e-04
4.345381546021e+01,1.785256487787e-03,1.772209996353e-03,1.748037490293e-03,1.767966068175e-03,1.849503711014e-03,2.448490098567e-04,4.424872109318e-04
4.361777877808e+01,1.777796601401e-03,1.747617325665e-03,1.731318407718e-03,1.746082900731e-03,1.815618618985e-03,2.479600097935e-04,4.377586865650e-04
4.378173828125e+01,1.769283823647e-03,1.722708314752e-03,1.713654479197e-03,1.724650132379e-03,1.784645441711e-03,2.495491050572e-04,4.332211282056e-04
4.394570159912e+01,1.757910576568e-03,1.697334132014e-03,1.694592546991e-03,1.703692859169e-03,1.756935763215e-03,2.505508943687e-04,4.281679328380e-04
4.410966110229e+01,1.742295573579e-03,1.671615527917e-03,1.673825579814e-03,1.683247988576e-03,1.732735454422e-03,2.521674317555e-04,4.213160653103e-04
4.427362442017e+01,1.721858846199e-03,1.645989192415e-03,1.651254831867e-03,1.663303664081e-03,1.712133374625e-03,2.544626486565e-04,4.121125577087e-04
4.443758392334e+01,1.696957699524e-03,1.621141404638e-03,1.627057084280e-03,1.643740836272e-03,1.694969745914e-03,2.562072502510e-04,4.011414502841e-04
4.460154724121e+01,1.668712576990e-03,1.597831509370e-03,1.601722145539e-03,1.624289987446e-03,1.680721614757e-03,2.555664783125e-04,3.894807639580e-04
4.476550674438e+01,1.638619493507e-03,1.576692701894e-03,1.576041132394e-03,1.604559257231e-03,1.668452931981e-03,2.510790897737e-04,3.780147549210e-04
4.492947006226e+01,1.608107140085e-03,1.558063152295e-03,1.550993557974e-03,1.584147530599e-03,1.656881994732e-03,2.423517167763e-04,3.673817947452e-04
4.509342956543e+01,1.578235956193e-03,1.541906387980e-03,1.527548233344e-03,1.562837327725e-03,1.644591438378e-03,2.298877808459e-04,3.582346371844e-04
4.525739288330e+01,1.549607256723e-03,1.527815629387e-03,1.506407996419e-03,1.540773307937e-03,1.630318039302e-03,2.143862614931e-04,3.511079913319e-04
4.542135620117e+01,1.522470790860e-03,1.515106565610e-03,1.487810332640e-03,1.518535592276e-03,1.613237280205e-03,1.964890973705e-04,3.458876931550e-04
4.558531570435e+01,1.496894530004e-03,1.502966755555e-03,1.471469528026e-03,1.497026641507e-03,1.593146417727e-03,1.772260905028e-04,3.417465325090e-04
4.574927902222e+01,1.472883976309e-03,1.490630113589e-03,1.456713739873e-03,1.477194500604e-03,1.570497190849e-03,1.584086475761e-04,3.380402125810e-04
4.591323852539e+01,1.450406761564e-03,1.477529422475e-03,1.442771485324e-03,1.459704027290e-03,1.546280231344e-03,1.421620160454e-04,3.351142660648e-04
4.607720184326e+01,1.429343905074e-03,1.463373458305e-03,1.429066999188e-03,1.444689144250e-03,1.521779620222e-03,1.298737453409e-04,3.336119748160e-04
4.624116134644e+01,1.409459049758e-03,1.448138351100e-03,1.415388050868e-03,1.431710634966e-03,1.498268584088e-03,1.216223744599e-04,3.328266626247e-04
4.640512466431e+01,1.390418099934e-03,1.431983754990e-03,1.401840179501e-03,1.419928110804e-03,1.476702779951e-03,1.162868348798e-04,3.303480580654e-04
4.656908416748e+01,1.371868401170e-03,1.415153575625e-03,1.388642265349e-03,1.408419820782e-03,1.457511188070e-03,1.119954985513e-04,3.239023262239e-04
4.673304748535e+01,1.353516326677e-03,1.397897131408e-03,1.375888998395e-03,1.396499956038e-03,1.440534256802e-03,1.071427951728e-04,3.134396930215e-04
4.689700698853e+01,1.335172550513e-03,1.380439487876e-03,1.363428755262e-03,1.383905575573e-03,1.425143975270e-03,1.015770195900e-04,3.012272399839e-04
4.706097030640e+01,1.316736635211e-03,1.362970483862e-03,1.350902093686e-03,1.370773491236e-03,1.410486543534e-03,9.638886853536e-05,2.901417069250e-04
4.722492980957e+01,1.298152958071e-03,1.345634146704e-03,1.337897080280e-03,1.357442772426e-03,1.395768253964e-03,9.225915627636e-05,2.819468003244e-04
4.738889312744e+01,1.279356877913e-03,1.328492463202e-03,1.324099136175e-03,1.344180695628e-03,1.380475184143e-03,8.855782662376e-05,2.766520452359e-04
4.755285644531e+01,1.260251312435e-03,1.311495100573e-03,1.309353551185e-03,1.330974419247e-03,1.364476995650e-03,8.419415682987e-05,2.730356971569e-04
4.771681594849e+01,1.240714241794e-03,1.294481729447e-03,1.293618371613e-03,1.317476453837e-03,1.347999266815e-03,7.870274790695e-05,2.699557417346e-04
4.788077926636e+01,1.220637854817e-03,1.277242672052e-03,1.276867029216e-03,1.303125198543e-03,1.331502360087e-03,7.243921497196e-05,2.675522729318e-04
4.804473876953e+01,1.199991038148e-03,1.259623460168e-03,1.259024191491e-03,1.287382675320e-03,1.315522637004e-03,6.625778395884e-05,2.671284465128e-04
4.820870208740e+01,1.178874930478e-03,1.241610268993e-03,1.239973686486e-03,1.269972873917e-03,1.300515067924e-03,6.092880938633e-05,2.694654973856e-04
4.837266159058e+01,1.157564545245e-03,1.223355682207e-03,1.219645013539e-03,1.251024463239e-03,1.286745704134e-03,5.654000200967e-05,2.730959130173e-04
4.853662490845e+01,1.136501731837e-03,1.205117756091e-03,1.198118377883e-03,1.231046456916e-03,1.274243620224e-03,5.264822720434e-05,2.744819847686e-04
4.870058441162e+01,1.116245153463e-03,1.187163060793e-03,1.175706410085e-03,1.210762880145e-03,1.262824118422e-03,4.909700222550e-05,2.701697396179e-04
4.886454772949e+01,1.097367495608e-03,1.169682320952e-03,1.152959117732e-03,1.190871472893e-03,1.252150831607e-03,4.630371773635e-05,2.589285677272e-04
4.902850723267e+01,1.080337155164e-03,1.152773790932e-03,1.130596987659e-03,1.171846869873e-03,1.241809795250e-03,4.469183195237e-05,2.422061688113e-04
4.919247055054e+01,1.065401932463e-03,1.136475263217e-03,1.109367993004e-03,1.153854725390e-03,1.231357258748e-03,4.420119914806e-05,2.231657397391e-04
4.935643005371e+01,1.052522128062e-03,1.120816110442e-03,1.089872972091e-03,1.136810892913e-03,1.220347113713e-03,4.437011617250e-05,2.054251847224e-04
4.952039337158e+01,1.041365108091e-03,1.105837565578e-03,1.072385123159e-03,1.120527878201e-03,1.208356364903e-03,4.458027901519e-05,1.919568772148e-04
4.968435287476e+01,1.031377628977e-03,1.091586158944e-03,1.056734988636e-03,1.104884670918e-03,1.195048223287e-03,4.422191903368e-05,1.842973158610e-04
4.984831619263e+01,1.021905925168e-03,1.078091174930e-03,1.042305969779e-03,1.089934622968e-03,1.180267752444e-03,4.293920207736e-05,1.824440802468e-04
5.001227951050e+01,1.012332086140e-03,1.065361832919e-03,1.028188371131e-03,1.075920765737e-03,1.164138368645e-03,4.090477528274e-05,1.853958700903e-04
5.017623901367e+01,1.002179088657e-03,1.053398648460e-03,1.013459969022e-03,1.063184314605e-03,1.147086560470e-03,3.879029666194e-05,1.915414031125e-04
5.034020233154e+01,9.911633462630e-04,1.042204011344e-03,9.975051733836e-04,1.052001542013e-03,1.129750890292e-03,3.732656303325e-05,1.986607231136e-04
5.050416183472e+01,9.791975747539e-04,1.031774627513e-03,9.802450549519e-04,1.042412355346e-03,1.112791060222e-03,3.679187418885e-05,2.043583382037e-04
5.066812515259e+01,9.663513818583e-04,1.022068643431e-03,9.621636435434e-04,1.034109599067e-03,1.096659471867e-03,3.686993042003e-05,2.072025453558e-04
5.083208465576e+01,9.527901580482e-04,1.012975544965e-03,9.441227949634e-04,1.026458005971e-03,1.081445704372e-03,3.699701660332e-05,2.073917293340e-04
5.099604797363e+01,9.386924166509e-04,1.004304676658e-03,9.270362883203e-04,1.018646175896e-03,1.066853110451e-03,3.683368338625e-05,2.060551507882e-04
5.116000747681e+01,9.241704502275e-04,9.958073961680e-04,9.115596999700e-04,1.009921512173e-03,1.052328241257e-03,3.633702480178e-05,2.039846722652e-04
5.132397079468e+01,9.092130080464e-04,9.872127134717e-04,8.979123212104e-04,9.997988577253e-04,1.037277428578e-03,3.547781876867e-05,2.010725162823e-04
5.148793029785e+01,8.936922159563e-04,9.782614701521e-04,8.858965603666e-04,9.881533557963e-04,1.021295666072e-03,3.421256754691e-05,1.966714904545e-04
5.165189361572e+01,8.774351329347e-04,9.687208657648e-04,8.750647684680e-04,9.751582655816e-04,1.004318689338e-03,3.274316230902e-05,1.902681304759e-04
5.181585311890e+01,8.603451354172e-04,9.583914495744e-04,8.649451717466e-04,9.611269883075e-04,9.866664114237e-04,3.138990229900e-05,1.818104421295e-04
5.197981643677e+01,8.425066203894e-04,9.471143091016e-04,8.552139721237e-04,9.463556858448e-04,9.689624343906e-04,3.015770910427e-05,1.714042281269e-04
5.214377975464e+01,8.242318601892e-04,9.347943635526e-04,8.457594295274e-04,9.310680973921e-04,9.519690629893e-04,2.883201702326e-05,1.589021009048e-04
5.230773925781e+01,8.060204852543e-04,9.214296997057e-04,8.366299225444e-04,9.154749306777e-04,9.363739918435e-04,2.754255645902e-05,1.442536279022e-04
5.247170257568e+01,7.884571432062e-04,9.071341441827e-04,8.279162616229e-04,8.998849623801e-04,9.225897494492e-04,2.687046312006e-05,1.284111376553e-04
5.263566207886e+01,7.720974210276e-04,8.921404816149e-04,8.196370105857e-04,8.847646046957e-04,9.106272082143e-04,2.726140499152e-05,1.134387356057e-04
5.279962539673e+01,7.573729637802e-04,8.767662953901e-04,8.116745553074e-04,8.706633721211e-04,9.000793792728e-04,2.849625968433e-05,1.012490159548e-04
5.296358489990e+01,7.445460913675e-04,8.613549530633e-04,8.037867400503e-04,8.580300444821e-04,8.902373906686e-04,2.981073855619e-05,9.224930786464e-05
5.312754821777e+01,7.336951998787e-04,8.461982067059e-04,7.956717366069e-04,8.470032360525e-04,8.802968011544e-04,3.038731589145e-05,8.544217763712e-05
5.329150772095e+01,7.247217454032e-04,8.314808510889e-04,7.870570408349e-04,8.373003995564e-04,8.695921708265e-04,2.967764572816e-05,7.984393274845e-05
5.345547103882e+01,7.173522910361e-04,8.172638478226e-04,7.777715034491e-04,8.282579579002e-04,8.577715542821e-04,2.749350519903e-05,7.552841099816e-05
5.361943054199e+01,7.111438358737e-04,8.035248284165e-04,7.677833212693e-04,8.190114310976e-04,8.448621327660e-04,2.407460907309e-05,7.309940958098e-05
5.378339385986e+01,7.055072777214e-04,7.902225901562e-04,7.571880727889e-04,8.087319159656e-04,8.312082148782e-04,2.007897008112e-05,7.232220912049e-05
5.394735336304e+01,6.997852073209e-04,7.773535865962e-04,7.461568692495e-04,7.968440213836e-04,8.173247294552e-04,1.632320543346e-05,7.164057207527e-05
5.411131668091e+01,6.933896780513e-04,7.649552908519e-04,7.348536386385e-04,7.831645174471e-04,8.037159949177e-04,1.341419715088e-05,6.913962258729e-05
5.427527618408e+01,6.859701879102e-04,7.530650998538e-04,7.233595998508e-04,7.679483320439e-04,7.907286727990e-04,1.154509954906e-05,6.386829804691e-05
5.443923950195e+01,6.775322256440e-04,7.416596679227e-04,7.116341551232e-04,7.518311360886e-04,7.784701673352e-04,1.050654846815e-05,5.628097589821e-05
5.460320281982e+01,6.684366277457e-04,7.306280188014e-04,6.995479364922e-04,7.356903539534e-04,7.668188118335e-04,9.911476920840e-06,4.763291806077e-05
5.476716232300e+01,6.592551778947e-04,7.197924610727e-04,6.869804126921e-04,7.204475573504e-04,7.555093088708e-04,9.558937789142e-06,3.905564356266e-05
5.493112564087e+01,6.505414591213e-04,7.089652030525e-04,6.739474914322e-04,7.068673709458e-04,7.442640647018e-04,9.574312571312e-06,3.111169314548e-05
5.509508514404e+01,6.426273679672e-04,6.980084060458e-04,6.607020055720e-04,6.954132929146e-04,7.329228424226e-04,1.011070103979e-05,2.403202824537e-05
5.525904846191e+01,6.355349702604e-04,6.868659810855e-04,6.477445913522e-04,6.861894075171e-04,7.215137573961e-04,1.102274077666e-05,1.814264658328e-05
5.542300796509e+01,6.290365051257e-04,6.755728350141e-04,6.357329744491e-04,6.789789172652e-04,7.102462074716e-04,1.195134627679e-05,1.389506626584e-05
5.558697128296e+01,6.228054140102e-04,6.642446339776e-04,6.253053678766e-04,6.733406721304e-04,6.994286488418e-04,1.258772851588e-05,1.146951183661e-05
5.575093078613e+01,6.165736124059e-04,6.530626223467e-04,6.168891855129e-04,6.687273934139e-04,6.893638319757e-04,1.271968427578e-05,1.045916012679e-05
5.591489410400e+01,6.102183231392e-04,6.422408558366e-04,6.105584773736e-04,6.645834666430e-04,6.802630223523e-04,1.218135261764e-05,1.003260098484e-05
5.607885360718e+01,6.037663766656e-04,6.319809907569e-04,6.060000204361e-04,6.604082919777e-04,6.722128401404e-04,1.097327242114e-05,9.450023222998e-06
5.624281692505e+01,5.973441904216e-04,6.224177090898e-04,6.025951273499e-04,6.557826954791e-04,6.651800301141e-04,9.425992137885e-06,8.466167833073e-06
5.640677642822e+01,5.911257369399e-04,6.135865526261e-04,5.995929898813e-04,6.503773216747e-04,6.590369703255e-04,8.116428177565e-06,7.299675881848e-06
5.657073974609e+01,5.853004876801e-04,6.054258632129e-04,5.963122070783e-04,6.439581235314e-04,6.535863564648e-04,7.513884311809e-06,6.276242176382e-06
5.673469924927e+01,5.800601122923e-04,5.978181793136e-04,5.923049106881e-04,6.364014948552e-04,6.485935162150e-04,7.641521817831e-06,5.525445780395e-06
5.689866256714e+01,5.755754817332e-04,5.906410025397e-04,5.874280163103e-04,6.277088347728e-04,6.438316199826e-04,8.081897039671e-06,4.977499278710e-06
5.706262588501e+01,5.719513663620e-04,5.838032833254e-04,5.818071163180e-04,6.180109115375e-04,6.391403340959e-04,8.351462599854e-06,4.561867998863e-06
5.722658538818e+01,5.691631065724e-04,5.772467018215e-04,5.757167167124e-04,6.075485337694e-04,6.344701790415e-04,8.270756823917e-06,4.330638019151e-06
5.739054870605e+01,5.670081578459e-04,5.709202961167e-04,5.694346117168e-04,5.966329515110e-04,6.298821057110e-04,7.973892876921e-06,4.377194002893e-06
5.755450820923e+01,5.651102616854e-04,5.647530291367e-04,5.631338738882e-04,5.855987253923e-04,6.254897037190e-04,7.645961754176e-06,4.684107336749e-06
5.771847152710e+01,5.629936070668e-04,5.586439547481e-04,5.568454992374e-04,5.747517665732e-04,6.213619296078e-04,7.359415149058e-06,5.096161665920e-06
5.788243103027e+01,5.602097815604e-04,5.524827888372e-04,5.504929708832e-04,5.643262077061e-04,6.174375554179e-04,7.172995783558e-06,5.430768177696e-06
5.804639434814e+01,5.564613343642e-04,5.461854481152e-04,5.439594933150e-04,5.544494605075e-04,6.134969889324e-04,7.255435576339e-06,5.580395863713e-06
5.821035385132e+01,5.516618451528e-04,5.397282119943e-04,5.371520470564e-04,5.451348313217e-04,6.092151043647e-04,7.761244425961e-06,5.521635224086e-06
5.837431716919e+01,5.459006772690e-04,5.331582824017e-04,5.300348601767e-04,5.363035760048e-04,6.042706359870e-04,8.612214234014e-06,5.275764418134e-06
5.853827667236e+01,5.393409842284e-04,5.265797488530e-04,5.226388341778e-04,5.278410481018e-04,5.984626436834e-04,9.506169506366e-06,4.874422011175e-06
5.870223999023e+01,5.321139838628e-04,5.201167359937e-04,5.150549749136e-04,5.196604060600e-04,5.917757406921e-04,1.009658091320e-05,4.339718427842e-06
5.886619949341e+01,5.242771118531e-04,5.138730188194e-04,5.074241670241e-04,5.117511143953e-04,5.843710277125e-04,1.014776241719e-05,3.687334870288e-06
5.903016281128e+01,5.158503478940e-04,5.079000748732e-04,4.999130823013e-04,5.041820052541e-04,5.765138524693e-04,9.711952599089e-06,2.950453233660e-06
5.919412612915e+01,5.069020235960e-04,5.021906650190e-04,4.926755067532e-04,4.970610206073e-04,5.684899622785e-04,9.232816430186e-06,2.196025785839e-06
5.935808563232e+01,4.976198741174e-04,4.966951489984e-04,4.858021452471e-04,4.904680044801e-04,5.605542800039e-04,9.239257259600e-06,1.517563672002e-06
5.952204895020e+01,4.883221012295e-04,4.913486963559e-04,4.792848561417e-04,4.843993945709e-04,5.529331823702e-04,9.779388372452e-06,1.015761231727e-06
5.968600845337e+01,4.794018942909e-04,4.860897565275e-04,4.730225924599e-04,4.787581639046e-04,5.458615907375e-04,1.031019059502e-05,7.742146072571e-07
5.984997177124e+01,4.712274955981e-04,4.808530950780e-04,4.668712517961e-04,4.733924738970e-04,5.396058251410e-04,1.026895137274e-05,8.267490875072e-07
6.001393127441e+01,4.640478926935e-04,4.755463357537e-04,4.607187635866e-04,4.681633928890e-04,5.344408515802e-04,9.609898654877e-06,1.124067287080e-06
6.017789459229e+01,4.579333448146e-04,4.700278571102e-04,4.545399294698e-04,4.629964926334e-04,5.305738703470e-04,8.675679696883e-06,1.528472886714e-06
6.034185409546e+01,4.527696812967e-04,4.641135618933e-04,4.484042484967e-04,4.578899591254e-04,5.280530791685e-04,7.727931019939e-06,1.867765048861e-06
6.050581741333e+01,4.482915021162e-04,4.576166239715e-04,4.424317734052e-04,4.528733389687e-04,5.267095879411e-04,6.791992553528e-06,2.032261718831e-06
6.066977691650e+01,4.441385487793e-04,4.504105807367e-04,4.367324914659e-04,4.479480545776e-04,5.261743639814e-04,5.859698233399e-06,2.032804884475e-06
6.083374023438e+01,4.399143433430e-04,4.424837384748e-04,4.313650858239e-04,4.430432356670e-04,5.259718165951e-04,5.031965638269e-06,1.954409883928e-06
6.099769973755e+01,4.352442872655e-04,4.339646273803e-04,4.263411911556e-04,4.380146263316e-04,5.256556005475e-04,4.429949604429e-06,1.855493571082e-06
6.116166305542e+01,4.298307768875e-04,4.251021699123e-04,4.216602017099e-04,4.326815019052e-04,5.249275287413e-04,4.063260968721e-06,1.726625723906e-06
6.132562255859e+01,4.235079463718e-04,4.162111709843e-04,4.173453782403e-04,4.268835373948e-04,5.236870796864e-04,3.815564719132e-06,1.535073205904e-06
6.148958587646e+01,4.162836405269e-04,4.075925295785e-04,4.134472266819e-04,4.205275404289e-04,5.219901247393e-04,3.539235877435e-06,1.276284579501e-06
6.165354919434e+01,4.083567729822e-04,3.994565201447e-04,4.100117835345e-04,4.136125933556e-04,5.199396442462e-04,3.191440669699e-06,9.783838484132e-07
6.181750869751e+01,4.000912970378e-04,3.918699041607e-04,4.070324997891e-04,4.062307518190e-04,5.175629172508e-04,2.881331767337e-06,6.846010594323e-07
6.198147201538e+01,3.919426110643e-04,3.847522507418e-04,4.044191957283e-04,3.985526316408e-04,5.147359651314e-04,2.738753700774e-06,4.445780104501e-07
6.214543151855e+01,3.843509474693e-04,3.779304656093e-04,4.020060361139e-04,3.908036387988e-04,5.111925198385e-04,2.748531743621e-06,3.078497900487e-07
6.230939483643e+01,3.776274079143e-04,3.712286750002e-04,3.995957182060e-04,3.832212871671e-04,5.066111035799e-04,2.761181496385e-06,3.066666841554e-07
6.247335433960e+01,3.718776264991e-04,3.645581201170e-04,3.970207629900e-04,3.759951383642e-04,5.007403665948e-04,2.659807487361e-06,4.312544536465e-07
6.263731765747e+01,3.669883436334e-04,3.579602877610e-04,3.941917306941e-04,3.691970952882e-04,4.935024828368e-04,2.484030828533e-06,6.132057180592e-07
6.280127716064e+01,3.626869422264e-04,3.515898068499e-04,3.911126858757e-04,3.627419398202e-04,4.850333993248e-04,2.384550613160e-06,7.452872696822e-07
6.296524047852e+01,3.586439174660e-04,3.456463860428e-04,3.878566136477e-04,3.564093693182e-04,4.756434548191e-04,2.485635006326e-06,7.483579749564e-07
6.312919998169e+01,3.545779074637e-04,3.402963834295e-04,3.845164839007e-04,3.499413104704e-04,4.657272616847e-04,2.795734309328e-06,6.351033712464e-07
6.329316329956e+01,3.503204822251e-04,3.356144710842e-04,3.811566575243e-04,3.431739835097e-04,4.556612809534e-04,3.173555696215e-06,4.994210149737e-07
6.345712280273e+01,3.458284998949e-04,3.315667343364e-04,3.777939010664e-04,3.361442362219e-04,4.457374021096e-04,3.364484359122e-06,4.355492265612e-07
6.362108612061e+01,3.411532543060e-04,3.280266171207e-04,3.744164272478e-04,3.291079819652e-04,4.361440307363e-04,3.194187934522e-06,4.686065554139e-07
6.378504943848e+01,3.363975626854e-04,3.248093907227e-04,3.710297362570e-04,3.224609104225e-04,4.269927878429e-04,2.753057885022e-06,5.556994041456e-07
6.394900894165e+01,3.316840688331e-04,3.217046570859e-04,3.676961143442e-04,3.165931389953e-04,4.183598300129e-04,2.281718732433e-06,6.367233906871e-07
6.411297607422e+01,3.271460481849e-04,3.184996248262e-04,3.645396326149e-04,3.117443587628e-04,4.103208353251e-04,1.906399525418e-06,6.775525315243e-07
6.427693176270e+01,3.229342596480e-04,3.149976261458e-04,3.617106199384e-04,3.079215835299e-04,4.029724745233e-04,1.600887104005e-06,6.770464324087e-07
6.444089508057e+01,3.192146052958e-04,3.110377454086e-04,3.593248047291e-04,3.049046264846e-04,3.964330919851e-04,1.332280492834e-06,6.490212051593e-07
6.460485839844e+01,3.161442639991e-04,3.065265334355e-04,3.574123607715e-04,3.023390152227e-04,3.908379170613e-04,1.106458489560e-06,6.005993116790e-07
6.476882171631e+01,3.138170463769e-04,3.014731828059e-04,3.558952682091e-04,2.998731003404e-04,3.863174161649e-04,9.115752293331e-07,5.245773684665e-07
6.493277740479e+01,3.122016399608e-04,2.960180470818e-04,3.545994847461e-04,2.972910910662e-04,3.829638718047e-04,7.228704249699e-07,4.141961232612e-07
6.509674072266e+01,3.111055451406e-04,2.904357159139e-04,3.532898554588e-04,2.945902173928e-04,3.807875005213e-04,5.575133529990e-07,2.831029590831e-07
6.526070404053e+01,3.101940311859e-04,2.851057309858e-04,3.517146503993e-04,2.919734004296e-04,3.796780928295e-04,4.647944743231e-07,1.623147542866e-07
6.542465972900e+01,3.090640436928e-04,2.804465534656e-04,3.496483915633e-04,2.897566192202e-04,3.793857509007e-04,4.513395038419e-07,7.659188747565e-08
6.558862304688e+01,3.073444553660e-04,2.768293408349e-04,3.469260559756e-04,2.882285838186e-04,3.795334534049e-04,4.516758539505e-07,2.943303751982e-08
6.575258636475e+01,3.047795099060e-04,2.744966622112e-04,3.434632792129e-04,2.875220581503e-04,3.796589739147e-04,3.942417599297e-07,9.161023555433e-09
6.591654968262e+01,3.012633186779e-04,2.735053538429e-04,3.392569959298e-04,2.875495792106e-04,3.792760721899e-04,2.758104005721e-07,2.302982195133e-09
6.608050537109e+01,2.968243991251e-04,2.737099295856e-04,3.343719251342e-04,2.880295138564e-04,3.779444281532e-04,1.503499185128e-07,4.669742856384e-10
6.624446868896e+01,2.915831957455e-04,2.747844049652e-04,3.289223205292e-04,2.885841268326e-04,3.753407980010e-04,6.442256818588e-08,7.630916122325e-11
6.640843200684e+01,2.857175224292e-04,2.762734907073e-04,3.230634369347e-04,2.888606870608e-04,3.713269366464e-04,2.735824057285e-08,1.004653312085e-11
6.657239532471e+01,2.794490330425e-04,2.776654381032e-04,3.169887945265e-04,2.886238391997e-04,3.660021008104e-04,3.239375726517e-08,1.065451272598e-12
6.673635864258e+01,2.730470232838e-04,2.784812660101e-04,3.109256268210e-04,2.877885774510e-04,3.597206779451e-04,8.459417572172e-08,9.101012477117e-14
6.690031433105e+01,2.668256556131e-04,2.783696969935e-04,3.051147228815e-04,2.863948355897e-04,3.530514107318e-04,2.041174515534e-07,6.262118232067e-15
6.706427764893e+01,2.611122094320e-04,2.771832228036e-04,2.997718017102e-04,2.845462480505e-04,3.466644707712e-04,4.075707335575e-07,3.469846496600e-16
6.722824096680e+01,2.561881098068e-04,2.750021556491e-04,2.950486810686e-04,2.823429711067e-04,3.411670811689e-04,6.895012358000e-07,1.548473199915e-17
6.739220428467e+01,2.522156760396e-04,2.720847928027e-04,2.910099304855e-04,2.798301611292e-04,3.369299201616e-04,1.013293295445e-06,5.565434711123e-19
6.755615997314e+01,2.491847655756e-04,2.687551599227e-04,2.876420532735e-04,2.769767689881e-04,3.339752161094e-04,1.295859433533e-06,1.611272503690e-20
6.772012329102e+01,2.469016176637e-04,2.652751862495e-04,2.848873312061e-04,2.736883518949e-04,3.319761037344e-04,1.411955308941e-06,3.756380856117e-22
6.788408660889e+01,2.450314217446e-04,2.617648431836e-04,2.826845984509e-04,2.698519669532e-04,3.303772472120e-04,1.282345161573e-06,7.052937688358e-24
6.804804992676e+01,2.431831926943e-04,2.582054014326e-04,2.809917657423e-04,2.653969436214e-04,3.285887588405e-04,9.864549309834e-07,1.066522754907e-25
6.821200561523e+01,2.410164599307e-04,2.545187647748e-04,2.797820842061e-04,2.603529113305e-04,3.261782023733e-04,7.310122928870e-07,1.299155222415e-27
6.837596893311e+01,2.383376308063e-04,2.506680518036e-04,2.790187971558e-04,2.548814910585e-04,3.229878419154e-04,6.690596188566e-07,1.274279225116e-29
6.853993225098e+01,2.351574801429e-04,2.467184520635e-04,2.786261413115e-04,2.492715515156e-04,3.191464089457e-04,7.645526222203e-07,1.006624916949e-31
6.870389556885e+01,2.316871655439e-04,2.428200720698e-04,2.784732059311e-04,2.438921454171e-04,3.149868592022e-04,8.420586703935e-07,6.404279157506e-34
6.886785888672e+01,2.282714695654e-04,2.391304571654e-04,2.783810134177e-04,2.391182711413e-04,3.109158237121e-04,7.623782685507e-07,3.281499418944e-36
6.903181457520e+01,2.252775598700e-04,2.357300089029e-04,2.781503868250e-04,2.352487967186e-04,3.072844898093e-04,5.408598858391e-07,1.354525052224e-38
6.919577789307e+01,2.229749372024e-04,2.325865624277e-04,2.775990616635e-04,2.324390294799e-04,3.042983666459e-04,2.971964350340e-07,4.501865194144e-41
6.935974121094e+01,2.214513206948e-04,2.295941120450e-04,2.765930498382e-04,2.306696602850e-04,3.019878623889e-04,1.261440030169e-07,1.205028797542e-43
6.952370452881e+01,2.205943392962e-04,2.266568103530e-04,2.750605907321e-04,2.297573719872e-04,3.002360277388e-04,4.132685686694e-08,2.597776957207e-46
6.968766021729e+01,2.201481908145e-04,2.237649445435e-04,2.729867116183e-04,2.294051922780e-04,2.988476620710e-04,1.044798721254e-08,4.511660591675e-49
6.985162353516e+01,2.198185110833e-04,2.210127871645e-04,2.703953360923e-04,2.292740206526e-04,2.976267353464e-04,2.037533887482e-09,6.308763084612e-52
7.001558685303e+01,2.193765901923e-04,2.185507178369e-04,2.673323115683e-04,2.290523304009e-04,2.964304405763e-04,3.064554303210e-10,7.104794338972e-55
7.017955017090e+01,2.187145119796e-04,2.165013872346e-04,2.638555939343e-04,2.285042783471e-04,2.951804156865e-04,3.553927575193e-11,6.444041047842e-58
7.034350585938e+01,2.178322261989e-04,2.148926745000e-04,2.600344531897e-04,2.274891054725e-04,2.938384600390e-04,3.177349659604e-12,4.708826693224e-61
7.050746917725e+01,2.167773537576e-04,2.136417726433e-04,2.559509316173e-04,2.259573948079e-04,2.923724282638e-04,2.188884129016e-13,2.770274835439e-64
7.067143249512e+01,2.155855980222e-04,2.125927023612e-04,2.517016868009e-04,2.239375620806e-04,2.907425765341e-04,1.161750106162e-14,1.312600308350e-67
7.083539581299e+01,2.142614987715e-04,2.115774650503e-04,2.473957551240e-04,2.215204432517e-04,2.889198908403e-04,4.749221580767e-16,5.008891697914e-71
7.099935913086e+01,2.128066150843e-04,2.104662426076e-04,2.431518075016e-04,2.188419239475e-04,2.869253541969e-04,1.495009298078e-17,1.539395723170e-74
7.116331481934e+01,2.112654051586e-04,2.091851315355e-04,2.390928892823e-04,2.160570301824e-04,2.848609432699e-04,3.623701905200e-19,3.811785034934e-78
7.132727813721e+01,2.097469278817e-04,2.077038230618e-04,2.353339058807e-04,2.133024754209e-04,2.829039123485e-04,6.759299475707e-21,7.598719233868e-82
7.149124145508e+01,2.084008640515e-04,2.060141264561e-04,2.319624029203e-04,2.106588467206e-04,2.812558088767e-04,9.702302538962e-23,1.219977693414e-85
7.165520477295e+01,2.073567947897e-04,2.041195289502e-04,2.290130486695e-04,2.081277029784e-04,2.800588553963e-04,1.071493638944e-24,1.577476421062e-89
7.181916046143e+01,2.066605367293e-04,2.020442900293e-04,2.264500541908e-04,2.056404821658e-04,2.793145635403e-04,9.104788503070e-27,1.643466475383e-93
7.198312377930e+01,2.062381752633e-04,1.998493088477e-04,2.241686385990e-04,2.030978633694e-04,2.788411411114e-04,5.949145602046e-29,1.378399792773e-97
7.214708709717e+01,2.059009008373e-04,1.976334042722e-04,2.220240218615e-04,2.004247879317e-04,2.782942799112e-04,2.989343540473e-31,9.310843854105e-102
7.231105041504e+01,2.053839746849e-04,1.955018102192e-04,2.198798258140e-04,1.976146781583e-04,2.772495379194e-04,1.154989712545e-33,5.065267461356e-106
7.247500610352e+01,2.044072583088e-04,1.935091284537e-04,2.176596147725e-04,1.947463798454e-04,2.753200496274e-04,3.431880123950e-36,2.220343683021e-110
7.263896942139e+01,2.027457490174e-04,1.916045560495e-04,2.153763479096e-04,1.919678292649e-04,2.722677644172e-04,7.837154563181e-39,7.834962197195e-115
7.280293273926e+01,2.003007941454e-04,1.896175336719e-04,2.131236643043e-04,1.894565426684e-04,2.680729728890e-04,1.375728318531e-41,2.226655870624e-119
7.296689605713e+01,1.971546651303e-04,1.873034798385e-04,2.110265565247e-04,1.873675975458e-04,2.629420484823e-04,1.856180077877e-44,5.096462034665e-124
7.313085937500e+01,1.935844395161e-04,1.844413336574e-04,2.091736048104e-04,1.857838364767e-04,2.572577263744e-04,1.924819254576e-47,9.394722991968e-129
7.329481506348e+01,1.900129553054e-04,1.809426334043e-04,2.075632951142e-04,1.846780445467e-04,2.514896417206e-04,1.534482536380e-50,1.395486105601e-133
7.345877838135e+01,1.868943696751e-04,1.769193203342e-04,2.060920260031e-04,1.838966435253e-04,2.460872384812e-04,9.397749830220e-54,1.668568597031e-138
7.362274169922e+01,1.845681978764e-04,1.726753773912e-04,2.045916241538e-04,1.831744938209e-04,2.413831365865e-04,4.422789864666e-57,1.606801059511e-143
7.378670501709e+01,1.831363761915e-04,1.686170759244e-04,2.028965009493e-04,1.821841973269e-04,2.375236038622e-04,1.599413817638e-60,1.246176759648e-148
7.395066070557e+01,1.824243441918e-04,1.651215444554e-04,2.009089019407e-04,1.806148338026e-04,2.344472706265e-04,4.446000647848e-64,7.788270611825e-154
7.411462402344e+01,1.820503121169e-04,1.624204802318e-04,1.986320278024e-04,1.782598652909e-04,2.319156838573e-04,9.492427768355e-68,3.917977472478e-159
7.427858734131e+01,1.815757767379e-04,1.605507788275e-04,1.961608529417e-04,1.750866705000e-04,2.295887917299e-04,1.557165123997e-71,1.587385213751e-164
7.444255065918e+01,1.806665161069e-04,1.593823178543e-04,1.936371441266e-04,1.712595418002e-04,2.271198706095e-04,1.962595766328e-75,5.179671547960e-170
7.460650634766e+01,1.791897392362e-04,1.586982101895e-04,1.911908244039e-04,1.671056024438e-04,2.242443923279e-04,1.901279256871e-79,1.362019905331e-175
7.477046966553e+01,1.772103786216e-04,1.582777662535e-04,1.888883091831e-04,1.630321840701e-04,2.208381520265e-04,1.414484128053e-83,2.882748192155e-181
7.493443298340e+01,1.749092329767e-04,1.579435837687e-04,1.867046156136e-04,1.594263377191e-04,2.169351758735e-04,8.084707776184e-88,4.913935558892e-187
7.509839630127e+01,1.724817953550e-04,1.575633070044e-04,1.845230258593e-04,1.565647796723e-04,2.127027849539e-04,3.550082336459e-92,6.746083305751e-193
7.526235198975e+01,1.700742809356e-04,1.570264881099e-04,1.821629657321e-04,1.545604336858e-04,2.083848942593e-04,1.198190015428e-96,7.463676050392e-199
7.542631530762e+01,1.677715946473e-04,1.562252725812e-04,1.794282698858e-04,1.533513337997e-04,2.042267566459e-04,3.105312037375e-101,6.646276232007e-205
7.559027862549e+01,1.656142162995e-04,1.550562793142e-04,1.761665739876e-04,1.527276359251e-04,2.004038356152e-04,6.182702982532e-106,4.766542703439e-211
7.575424194336e+01,1.636065667921e-04,1.534396295453e-04,1.723226287925e-04,1.523836755850e-04,1.969716548551e-04,9.456741690379e-111,2.753138651859e-217
7.591820526123e+01,1.617059802681e-04,1.513391591706e-04,1.679706587208e-04,1.519858356401e-04,1.938562530994e-04,1.111198281945e-115,1.280714049005e-223
7.608216094971e+01,1.598100215987e-04,1.487701490639e-04,1.633126063649e-04,1.512459820542e-04,1.908892387395e-04,1.003605810496e-120,4.801500423422e-230
7.624612426758e+01,1.577706595157e-04,1.457933667334e-04,1.586376060575e-04,1.499885387353e-04,1.878759928977e-04,6.959604152708e-126,1.448786613940e-236
7.641008758545e+01,1.554475414332e-04,1.425082583842e-04,1.542549290891e-04,1.481955591707e-04,1.846744951920e-04,3.707538647008e-131,3.520719068341e-243
7.657405090332e+01,1.527789819621e-04,1.390533024474e-04,1.504159057823e-04,1.460116102136e-04,1.812528603251e-04,1.517276843902e-136,6.890612296326e-250
7.673800659180e+01,1.498333988831e-04,1.356132311984e-04,1.472532541333e-04,1.436990279582e-04,1.777062236332e-04,4.772864692423e-142,1.086932214726e-256
7.690196990967e+01,1.468069958811e-04,1.324158090559e-04,1.447571062107e-04,1.415504006306e-04,1.742266359643e-04,1.152696938646e-147,1.379851233660e-263
7.706593322754e+01,1.439635469180e-04,1.297044460111e-04,1.427989197920e-04,1.397885202812e-04,1.710428789016e-04,2.138577955440e-153,1.410787380812e-270
7.722989654541e+01,1.415382977375e-04,1.276832374655e-04,1.411914636641e-04,1.384915981577e-04,1.683526788588e-04,3.047950736871e-159,1.161690294759e-277
7.739385223389e+01,1.396517358592e-04,1.264579309385e-04,1.397627634623e-04,1.375771765769e-04,1.662747091887e-04,3.339203202015e-165,7.710008465559e-285
7.755781555176e+01,1.382723325236e-04,1.260009647187e-04,1.384127295068e-04,1.368490291994e-04,1.648314696907e-04,2.808499308978e-171,4.118006358080e-292
7.772177886963e+01,1.372460657222e-04,1.261585111366e-04,1.371320915677e-04,1.360825724290e-04,1.639612315611e-04,1.814581111721e-177,1.771408259593e-299
7.788574218750e+01,1.363746112191e-04,1.266921030329e-04,1.359792771067e-04,1.351068259012e-04,1.635431838190e-04,9.006342563213e-184,6.136910822802e-307
7.804970550537e+01,1.355025865405e-04,1.273335849380e-04,1.350317782861e-04,1.338491377043e-04,1.634231686846e-04,3.433918982043e-190,1.712302356011e-314
7.821366119385e+01,1.345693675194e-04,1.278321693357e-04,1.343362160205e-04,1.323309230900e-04,1.634332169458e-04,1.006485127594e-196,3.853712037562e-322
7.837762451172e+01,1.336021420935e-04,1.279858306256e-04,1.338777036327e-04,1.306266327875e-04,1.634077420519e-04,2.264602754785e-203,0.000000000000e+00
7.854158782959e+01,1.326607043182e-04,1.276593354015e-04,1.335773072180e-04,1.288130684763e-04,1.632019052146e-04,3.914218437923e-210,0.000000000000e+00
7.870555114746e+01,1.317693572474e-04,1.267930936813e-04,1.333125900022e-04,1.269329673221e-04,1.627129782994e-04,5.197160820352e-217,0.000000000000e+00
7.886950683594e+01,1.308778048301e-04,1.254016502670e-04,1.329502498740e-04,1.249881143508e-04,1.618979137075e-04,5.304971518471e-224,0.000000000000e+00
7.903347015381e+01,1.298734065393e-04,1.235589397244e-04,1.323782442492e-04,1.229594030965e-04,1.607766043504e-04,4.156663883259e-231,0.000000000000e+00
7.919743347168e+01,1.286387021068e-04,1.213728343921e-04,1.315284816556e-04,1.208399270550e-04,1.594155917566e-04,2.501924354830e-238,0.000000000000e+00
7.936139678955e+01,1.271230632048e-04,1.189550711917e-04,1.303847649229e-04,1.186585371948e-04,1.578955589860e-04,1.156833065085e-245,0.000000000000e+00
7.952535247803e+01,1.253927570703e-04,1.163970650945e-04,1.289757999436e-04,1.164808527065e-04,1.562764306124e-04,4.112288934590e-253,0.000000000000e+00
7.968931579590e+01,1.236336599765e-04,1.137570707636e-04,1.273570905191e-04,1.143871949652e-04,1.545750366165e-04,1.122069001392e-260,0.000000000000e+00
7.985327911377e+01,1.221031997678e-04,1.110622292116e-04,1.255910578543e-04,1.124441687935e-04,1.527661892998e-04,2.351919141503e-268,0.000000000000e+00
8.001724243164e+01,1.210451266318e-04,1.083210483772e-04,1.237332756128e-04,1.106868346569e-04,1.508043636093e-04,3.786971129652e-276,0.000000000000e+00
8.018120574951e+01,1.205977841340e-04,1.055435483897e-04,1.218312985553e-04,1.091222508624e-04,1.486557884185e-04,4.684123167729e-284,0.000000000000e+00
8.034516143799e+01,1.207302835632e-04,1.027614951986e-04,1.199341734412e-04,1.077468803336e-04,1.463255923998e-04,4.454584468088e-292,0.000000000000e+00
8.050912475586e+01,1.212351495448e-04,1.000392726913e-04,1.181037314492e-04,1.065604577010e-04,1.438687182088e-04,3.251487185535e-300,0.000000000000e+00
8.067308807373e+01,1.217860444785e-04,9.747019307953e-05,1.164182392198e-04,1.055639200346e-04,1.413848717293e-04,1.823154252718e-308,0.000000000000e+00
8.083705139160e+01,1.220425170515e-04,9.515525045343e-05,1.149598981438e-04,1.047413341014e-04,1.390020981518e-04,7.852921467167e-317,0.000000000000e+00
8.100100708008e+01,1.217619736755e-04,9.317518056451e-05,1.137895116859e-04,1.040412368377e-04,1.368594233768e-04,0.000000000000e+00,0.000000000000e+00
8.116497039795e+01,1.208753073612e-04,9.156880709380e-05,1.129182908144e-04,1.033723299375e-04,1.350915688700e-04,0.000000000000e+00,0.000000000000e+00
8.132893371582e+01,1.194998409563e-04,9.033012942780e-05,1.122925645903e-04,1.026186501956e-04,1.338151930081e-04,0.000000000000e+00,0.000000000000e+00
8.149289703369e+01,1.178903124480e-04,8.942227588402e-05,1.118017038543e-04,1.016654676116e-04,1.331101553511e-04,0.000000000000e+00,0.000000000000e+00
8.165685272217e+01,1.163525126105e-04,8.879821784368e-05,1.113114342754e-04,1.004243773896e-04,1.329968744512e-04,0.000000000000e+00,0.000000000000e+00
8.182081604004e+01,1.151526064671e-04,8.841218476776e-05,1.107111660830e-04,9.885055783394e-05,1.334162887973e-04,0.000000000000e+00,0.000000000000e+00
8.198477935791e+01,1.144506728329e-04,8.821405871882e-05,1.099566024469e-04,9.695354944560e-05,1.342249856138e-04,0.000000000000e+00,0.000000000000e+00
8.214874267578e+01,1.142704273188e-04,8.813122873777e-05,1.090881964905e-04,9.480114555847e-05,1.352160678707e-04,0.000000000000e+00,0.000000000000e+00
8.231269836426e+01,1.145060391975e-04,8.805357289753e-05,1.082161019167e-04,9.251313498182e-05,1.361667381534e-04,0.000000000000e+00,0.000000000000e+00
8.247666168213e+01,1.149565426807e-04,8.783622828695e-05,1.074762416124e-04,9.023802890141e-05,1.368999173175e-04,0.000000000000e+00,0.000000000000e+00
8.264062500000e+01,1.153742109772e-04,8.732417516768e-05,1.069762144970e-04,8.811556410666e-05,1.373360821485e-04,0.000000000000e+00,0.000000000000e+00
